trial_index,condition_name,total_signals,sifted_key_length,sifting_ratio,test_bits,estimated_qber,actual_qber,estimated_error_count,actual_error_count,corrected_bits,reconciliation_leakage,reconciled_key_length,final_key_length,final_key_rate,compression_ratio,accepted,final_keys_match,reconciliation_matched,z_basis_sifted_length,z_basis_qber,x_basis_sifted_length,x_basis_qber,qber_ci_lower,qber_ci_upper
0,Ideal Channel,1500,737,0.49133333333333334,147,0.0,0.0,0,0,0,37,590,442,0.2946666666666667,0.7491525423728813,True,True,True,339,0.0,398,0.0,0.0,0.02546686335923391
1,Ideal Channel,1500,763,0.5086666666666667,153,0.0,0.0,0,0,0,39,610,457,0.30466666666666664,0.7491803278688525,True,True,True,396,0.0,367,0.0,0.0,0.024492623631394532
2,Ideal Channel,1500,726,0.484,145,0.0,0.0,0,0,0,37,581,435,0.29,0.7487091222030982,True,True,True,344,0.0,382,0.0,0.0,0.02580906456528246
3,Ideal Channel,1500,748,0.49866666666666665,150,0.0,0.0,0,0,0,38,598,448,0.2986666666666667,0.7491638795986622,True,True,True,374,0.0,374,0.0,0.0,0.0249702443680766
4,Ideal Channel,1500,762,0.508,152,0.0,0.0,0,0,0,39,610,457,0.30466666666666664,0.7491803278688525,True,True,True,369,0.0,393,0.0,0.0,0.024649787352889047
5,Ideal Channel,1500,787,0.5246666666666666,157,0.0,0.0,0,0,0,40,630,472,0.31466666666666665,0.7492063492063492,True,True,True,374,0.0,413,0.0,0.0,0.023883511433308864
6,Ideal Channel,1500,744,0.496,149,0.0,0.0,0,0,0,38,595,446,0.29733333333333334,0.7495798319327731,True,True,True,356,0.0,388,0.0,0.0,0.02513361787000954
7,Ideal Channel,1500,733,0.4886666666666667,147,0.0,0.0,0,0,0,37,586,439,0.2926666666666667,0.7491467576791809,True,True,True,388,0.0,345,0.0,0.0,0.02546686335923391
8,Ideal Channel,1500,761,0.5073333333333333,152,0.0,0.0,0,0,0,39,609,456,0.304,0.7487684729064039,True,True,True,365,0.0,396,0.0,0.0,0.024649787352889047
9,Ideal Channel,1500,736,0.49066666666666664,147,0.0,0.0,0,0,0,37,589,441,0.294,0.7487266553480475,True,True,True,377,0.0,359,0.0,0.0,0.02546686335923391
0,Eve Intercept-Resend,1500,773,0.5153333333333333,155,0.1935483870967742,0.25614489003880986,30,198,0,0,0,0,0.0,0.0,False,False,False,401,0.2793017456359102,372,0.23118279569892472,0.1390744552938452,0.26284491320528597
1,Eve Intercept-Resend,1500,719,0.47933333333333333,144,0.24305555555555555,0.23087621696801114,35,166,0,0,0,0,0.0,0.0,False,False,False,362,0.24861878453038674,357,0.21288515406162464,0.18026945936748356,0.3191943541643548
2,Eve Intercept-Resend,1500,758,0.5053333333333333,152,0.27631578947368424,0.26649076517150394,42,202,0,0,0,0,0.0,0.0,False,False,False,390,0.24102564102564103,368,0.29347826086956524,0.21140580044094956,0.3522533149537639
3,Eve Intercept-Resend,1500,758,0.5053333333333333,152,0.21052631578947367,0.2717678100263852,32,206,0,0,0,0,0.0,0.0,False,False,False,385,0.2545454545454545,373,0.289544235924933,0.15325811277416007,0.2820654483248809
4,Eve Intercept-Resend,1500,742,0.49466666666666664,148,0.3310810810810811,0.25202156334231807,49,187,0,0,0,0,0.0,0.0,False,False,False,350,0.26571428571428574,392,0.23979591836734693,0.2603801027599847,0.4103290672629154
5,Eve Intercept-Resend,1500,771,0.514,154,0.2012987012987013,0.22957198443579765,31,177,0,0,0,0,0.0,0.0,False,False,False,375,0.24266666666666667,396,0.21717171717171718,0.14559402607003527,0.2715426331614863
6,Eve Intercept-Resend,1500,710,0.47333333333333333,142,0.2323943661971831,0.23943661971830985,33,170,0,0,0,0,0.0,0.0,False,False,False,362,0.20165745856353592,348,0.27873563218390807,0.17053447109185166,0.30835170699116676
7,Eve Intercept-Resend,1500,732,0.488,146,0.2534246575342466,0.2459016393442623,37,180,0,0,0,0,0.0,0.0,False,False,False,355,0.28450704225352114,377,0.20954907161803712,0.1898142250854573,0.3296779063535601
8,Eve Intercept-Resend,1500,716,0.47733333333333333,143,0.22377622377622378,0.2541899441340782,32,182,0,0,0,0,0.0,0.0,False,False,False,356,0.24719101123595505,360,0.2611111111111111,0.16320621437454833,0.2987985856699289
9,Eve Intercept-Resend,1500,733,0.4886666666666667,147,0.21768707482993196,0.2592087312414734,32,190,0,0,0,0,0.0,0.0,False,False,False,353,0.24079320113314448,380,0.27631578947368424,0.15862956700884095,0.2911238320307265
0,Bit-Flip Noise (5%),1500,739,0.49266666666666664,148,0.02702702702702703,0.02571041948579161,4,19,15,171,591,293,0.19533333333333333,0.4957698815566836,True,True,True,378,0.05026455026455026,361,0.0,0.010559385113516857,0.06742629095060353
1,Bit-Flip Noise (5%),1500,751,0.5006666666666667,150,0.013333333333333334,0.014647137150466045,2,11,9,74,601,441,0.294,0.7337770382695508,True,True,True,364,0.03021978021978022,387,0.0,0.0036641291512270503,0.04730690870036751
2,Bit-Flip Noise (5%),1500,729,0.486,146,0.02054794520547945,0.024691358024691357,3,18,15,134,583,347,0.23133333333333334,0.5951972555746141,True,True,True,370,0.04864864864864865,359,0.0,0.007012381496207375,0.058666762968548405
3,Bit-Flip Noise (5%),1500,746,0.49733333333333335,149,0.013422818791946308,0.045576407506702415,2,34,32,280,597,334,0.22266666666666668,0.559463986599665,True,True,True,370,0.0918918918918919,376,0.0,0.0036887725239569367,0.047615754933434895
4,Bit-Flip Noise (5%),1500,729,0.486,146,0.0273972602739726,0.023319615912208505,4,17,13,126,583,308,0.20533333333333334,0.5283018867924528,True,True,True,371,0.04582210242587601,358,0.0,0.01070472314747331,0.0683218621106431
5,Bit-Flip Noise (5%),1500,772,0.5146666666666667,154,0.012987012987012988,0.019430051813471502,2,15,13,130,618,429,0.286,0.6941747572815534,True,True,True,412,0.03640776699029126,360,0.0,0.003568762647733807,0.04611057305583393
6,Bit-Flip Noise (5%),1500,731,0.48733333333333334,146,0.04794520547945205,0.02188782489740082,7,16,9,110,585,205,0.13666666666666666,0.3504273504273504,True,True,True,383,0.04177545691906005,348,0.0,0.02341602470846764,0.09565288292973068
7,Bit-Flip Noise (5%),1500,761,0.5073333333333333,152,0.019736842105263157,0.024967148488830485,3,19,16,142,609,367,0.24466666666666667,0.6026272577996716,True,True,True,379,0.05013192612137203,382,0.0,0.006734651887011962,0.05641580175457883
8,Bit-Flip Noise (5%),1500,786,0.524,157,0.012738853503184714,0.024173027989821884,2,19,17,108,629,451,0.3006666666666667,0.7170111287758346,True,True,True,386,0.04922279792746114,400,0.0,0.003500433177716391,0.04525228815538079
9,Bit-Flip Noise (5%),1500,742,0.49466666666666664,148,0.02027027027027027,0.022911051212938006,3,17,14,132,594,358,0.23866666666666667,0.6026936026936027,True,True,True,375,0.04533333333333334,367,0.0,0.006917294269242244,0.057896748595794134
0,Phase-Flip Noise (5%),1500,755,0.5033333333333333,151,0.013245033112582781,0.025165562913907286,2,19,17,144,604,409,0.27266666666666667,0.6771523178807947,True,True,True,397,0.0,358,0.05307262569832402,0.0036398128620662405,0.0470020428813268
1,Phase-Flip Noise (5%),1500,730,0.4866666666666667,146,0.03424657534246575,0.03561643835616438,5,26,21,194,584,235,0.15666666666666668,0.4023972602739726,True,True,True,341,0.0,389,0.06683804627249357,0.014715123499648312,0.07765890255182872
2,Phase-Flip Noise (5%),1500,742,0.49466666666666664,148,0.02027027027027027,0.02425876010781671,3,18,15,136,594,356,0.23733333333333334,0.5993265993265994,True,True,True,360,0.0,382,0.04712041884816754,0.006917294269242244,0.057896748595794134
3,Phase-Flip Noise (5%),1500,760,0.5066666666666667,152,0.013157894736842105,0.02763157894736842,2,21,19,152,608,409,0.27266666666666667,0.6726973684210527,True,True,True,381,0.0,379,0.055408970976253295,0.0036158171874622162,0.04670108102456133
4,Phase-Flip Noise (5%),1500,761,0.5073333333333333,152,0.013157894736842105,0.02890932982917214,2,22,20,158,609,406,0.27066666666666667,0.6666666666666666,True,True,True,367,0.0,394,0.05583756345177665,0.0036158171874622162,0.04670108102456133
5,Phase-Flip Noise (5%),1500,747,0.498,149,0.013422818791946308,0.03346720214190094,2,25,23,166,598,392,0.2613333333333333,0.6555183946488294,True,True,True,391,0.0,356,0.0702247191011236,0.0036887725239569367,0.047615754933434895
6,Phase-Flip Noise (5%),1500,786,0.524,157,0.03821656050955414,0.026717557251908396,6,21,15,140,629,264,0.176,0.41971383147853736,True,True,True,388,0.0,398,0.052763819095477386,0.017630657582683548,0.08086048354999023
7,Phase-Flip Noise (5%),1500,758,0.5053333333333333,152,0.013157894736842105,0.023746701846965697,2,18,16,140,606,413,0.2753333333333333,0.6815181518151815,True,True,True,389,0.0,369,0.04878048780487805,0.0036158171874622162,0.04670108102456133
8,Phase-Flip Noise (5%),1500,756,0.504,151,0.046357615894039736,0.022486772486772486,7,17,10,116,605,219,0.146,0.36198347107438017,True,True,True,386,0.0,370,0.04594594594594595,0.02263443345238309,0.09258960897513288
9,Phase-Flip Noise (5%),1500,741,0.494,148,0.02702702702702703,0.021592442645074223,4,16,12,124,593,318,0.212,0.5362563237774031,True,True,True,390,0.0,351,0.045584045584045586,0.010559385113516857,0.06742629095060353
0,Depolarizing Noise (5%),1500,756,0.504,151,0.013245033112582781,0.023809523809523808,2,18,16,178,605,393,0.262,0.6495867768595042,True,True,True,380,0.02631578947368421,376,0.02127659574468085,0.0036398128620662405,0.0470020428813268
1,Depolarizing Noise (5%),1500,747,0.498,149,0.020134228187919462,0.025435073627844713,3,19,16,178,598,338,0.22533333333333333,0.5652173913043478,True,True,True,381,0.023622047244094488,366,0.0273224043715847,0.006870711186412477,0.057519271064670495
2,Depolarizing Noise (5%),1500,762,0.508,152,0.013157894736842105,0.026246719160104987,2,20,18,150,610,411,0.274,0.6737704918032786,True,True,True,378,0.037037037037037035,384,0.015625,0.0036158171874622162,0.04670108102456133
3,Depolarizing Noise (5%),1500,759,0.506,152,0.039473684210526314,0.02766798418972332,6,21,15,174,607,228,0.152,0.3756177924217463,True,True,True,384,0.0234375,375,0.032,0.018214604707815794,0.08343651522247675
4,Depolarizing Noise (5%),1500,700,0.4666666666666667,140,0.02857142857142857,0.018571428571428572,4,13,9,106,560,297,0.198,0.5303571428571429,True,True,True,347,0.01440922190201729,353,0.0226628895184136,0.011165776841333588,0.07115721207839866
5,Depolarizing Noise (5%),1500,744,0.496,149,0.040268456375838924,0.025537634408602152,6,19,13,128,595,241,0.16066666666666668,0.4050420168067227,True,True,True,371,0.026954177897574125,373,0.024128686327077747,0.018583917969500603,0.08506242866265581
6,Depolarizing Noise (5%),1500,758,0.5053333333333333,152,0.02631578947368421,0.018469656992084433,4,14,10,116,606,335,0.22333333333333333,0.5528052805280528,True,True,True,379,0.0158311345646438,379,0.021108179419525065,0.010280235864764092,0.06570377320639395
7,Depolarizing Noise (5%),1500,749,0.49933333333333335,150,0.02,0.022696929238985315,3,17,14,131,599,364,0.24266666666666667,0.6076794657762938,True,True,True,382,0.02617801047120419,367,0.01907356948228883,0.006824751322967459,0.05714668327038608
8,Depolarizing Noise (5%),1500,757,0.5046666666666667,151,0.013245033112582781,0.018494055482166448,2,14,12,124,606,420,0.28,0.693069306930693,True,True,True,383,0.018276762402088774,374,0.01871657754010695,0.0036398128620662405,0.0470020428813268
9,Depolarizing Noise (5%),1500,728,0.48533333333333334,146,0.0273972602739726,0.019230769230769232,4,14,10,77,582,332,0.22133333333333333,0.570446735395189,True,True,True,359,0.016713091922005572,369,0.02168021680216802,0.01070472314747331,0.0683218621106431
0,Eve + Depol Noise,1500,728,0.48533333333333334,146,0.14383561643835616,0.1565934065934066,21,114,0,0,0,0,0.0,0.0,False,False,False,357,0.17366946778711484,371,0.14016172506738545,0.0960414154239858,0.20989166332126136
1,Eve + Depol Noise,1500,747,0.498,149,0.1342281879194631,0.13788487282463185,20,103,0,0,0,0,0.0,0.0,False,False,False,383,0.12532637075718014,364,0.1510989010989011,0.08860058748303032,0.19824212626080215
2,Eve + Depol Noise,1500,745,0.49666666666666665,149,0.14093959731543623,0.12751677852348994,21,95,0,0,0,0,0.0,0.0,False,False,False,373,0.12332439678284182,372,0.13172043010752688,0.09406676847640504,0.20586140006111853
3,Eve + Depol Noise,1500,753,0.502,151,0.1986754966887417,0.1593625498007968,30,120,0,0,0,0,0.0,0.0,False,False,False,384,0.1796875,369,0.13821138211382114,0.14286154428419245,0.26944055689028895
4,Eve + Depol Noise,1500,716,0.47733333333333333,143,0.11188811188811189,0.138268156424581,16,99,0,0,0,0,0.0,0.0,False,False,False,359,0.13370473537604458,357,0.14285714285714285,0.07005438852018603,0.17402830521319335
5,Eve + Depol Noise,1500,730,0.4866666666666667,146,0.14383561643835616,0.14520547945205478,21,106,0,0,0,0,0.0,0.0,False,False,False,345,0.16521739130434782,385,0.12727272727272726,0.0960414154239858,0.20989166332126136
6,Eve + Depol Noise,1500,748,0.49866666666666665,150,0.12,0.14572192513368984,18,109,0,0,0,0,0.0,0.0,False,False,False,357,0.15126050420168066,391,0.14066496163682865,0.07726903087841022,0.18170835484132794
7,Eve + Depol Noise,1500,708,0.472,142,0.1267605633802817,0.15112994350282485,18,107,0,0,0,0,0.0,0.0,False,False,False,345,0.19130434782608696,363,0.11294765840220386,0.08170741106337315,0.19147594257873152
8,Eve + Depol Noise,1500,755,0.5033333333333333,151,0.11258278145695365,0.1509933774834437,17,114,0,0,0,0,0.0,0.0,False,False,False,395,0.14430379746835442,360,0.15833333333333333,0.07148925066793947,0.17289916512782239
9,Eve + Depol Noise,1500,761,0.5073333333333333,152,0.1513157894736842,0.14191852825229961,23,108,0,0,0,0,0.0,0.0,False,False,False,364,0.12912087912087913,397,0.15365239294710328,0.10299520465345144,0.21682635757948435
