condition_name,total_signals,num_trials,master_seed,eve_enabled,eve_probability,noise_model,noise_probability,acceptance_rate,key_agreement_rate,mean_sifting_ratio,qber_mean,qber_std,qber_median,qber_min,qber_max,actual_qber_mean,actual_qber_std,final_key_length_mean,final_key_length_std,final_key_rate_mean,final_key_rate_std,leakage_mean,mean_z_basis_qber,mean_x_basis_qber,pooled_ci_lower,pooled_ci_upper
bit_flip_p_0.00,1000,6,3003,False,1.0,bit_flip,0.0,1.0,1.0,0.49933333333333324,0.0,0.0,0.0,0.0,0.0,0.0,0.0,299.3333333333333,6.683312551921141,0.29933333333333334,0.006683312551921146,25.333333333333332,0.0,0.0,0.0,0.006372253872865615
bit_flip_p_0.02,1000,6,3056,False,1.0,bit_flip,0.02,1.0,1.0,0.5028333333333334,0.01495960196376285,0.015433571702412656,0.014470642625982431,0.0,0.04081632653061224,0.012308704214947681,0.003594711783975231,269.0,54.527057503591735,0.26899999999999996,0.054527057503591735,48.5,0.02538641301442096,0.0,0.007871786686854537,0.028120247975938185
bit_flip_p_0.04,1000,6,3109,False,1.0,bit_flip,0.04,1.0,1.0,0.5083333333333334,0.018044635518303827,0.016851293971721273,0.010152545866831581,0.0,0.039603960396039604,0.023346966670326933,0.007610882222431283,250.83333333333334,70.4369694596997,0.2508333333333333,0.07043696945969968,100.16666666666667,0.04784127828904363,0.0,0.010098503945057055,0.03199943266277727
bit_flip_p_0.06,1000,6,3162,False,1.0,bit_flip,0.06,1.0,1.0,0.5066666666666667,0.024391679748822604,0.01755832319010497,0.02040816326530612,0.009615384615384616,0.05714285714285714,0.03252349895378597,0.006286681443951969,212.83333333333334,64.45592809561171,0.21283333333333332,0.06445592809561171,124.33333333333333,0.06617931991341093,0.0,0.015006991075700107,0.04030383876888498
bit_flip_p_0.08,1000,6,3215,False,1.0,bit_flip,0.08,1.0,1.0,0.4923333333333333,0.04268048317952663,0.020974556416677895,0.03504247572815534,0.020202020202020204,0.07608695652173914,0.0360271666391061,0.010789483144904806,140.5,80.04935977258032,0.14049999999999999,0.08004935977258032,116.83333333333333,0.07236887330411752,0.0,0.028863468092725372,0.06180291772617237
bit_flip_p_0.10,1000,6,3268,False,1.0,bit_flip,0.1,1.0,1.0,0.5046666666666667,0.0427460534544998,0.014219196183489755,0.05025252525252526,0.020202020202020204,0.05504587155963303,0.04638328132455258,0.007345234868857507,125.5,45.29348739057305,0.12550000000000003,0.04529348739057305,148.16666666666666,0.09398309735532955,0.0,0.029444861248105216,0.06212231250338067
bit_flip_p_0.12,1000,6,3321,False,1.0,bit_flip,0.12,1.0,1.0,0.5041666666666668,0.056099436138169305,0.013011738797875615,0.06,0.039603960396039604,0.06862745098039216,0.053858679339104425,0.005123329663901489,67.16666666666667,54.937843665970966,0.06716666666666667,0.054937843665970966,171.16666666666666,0.10862267512124425,0.0,0.04049187413496666,0.07750511470322557
bit_flip_p_0.14,1000,6,3374,False,1.0,bit_flip,0.14,0.8333333333333334,1.0,0.4983333333333333,0.07000148367862208,0.021297286436804338,0.06526571024449385,0.05,0.10476190476190476,0.062832383872316,0.0112218320893398,36.5,44.01249822493606,0.0365,0.04401249822493606,184.66666666666666,0.12564960105760944,0.0,0.052377908667297454,0.09357657408438784
bit_flip_p_0.16,1000,6,3427,False,1.0,bit_flip,0.16,0.8333333333333334,1.0,0.5,0.06171475276406722,0.01904098843273369,0.06091527520098949,0.029411764705882353,0.08653846153846154,0.07212689830088595,0.01649657568103939,23.333333333333332,24.929233174461395,0.023333333333333334,0.0249292331744614,208.5,0.14511359265677518,0.0,0.045067361772116676,0.08384306278322762
bit_flip_p_0.18,1000,6,3480,False,1.0,bit_flip,0.18,0.5,1.0,0.5031666666666668,0.0990415057608804,0.025416483158509952,0.08854166666666666,0.07766990291262135,0.13725490196078433,0.08973804315556368,0.018211943014829035,0.5,0.5477225575051661,0.0005,0.0005477225575051661,151.66666666666666,0.17932454187362964,0.0,0.07795656843996342,0.1257831683344343
bit_flip_p_0.20,1000,6,3533,False,1.0,bit_flip,0.2,0.5,1.0,0.49800000000000005,0.088703342246701,0.027926051367015245,0.08042028692665185,0.061855670103092786,0.14285714285714285,0.09312706678902812,0.014191500125394758,1.1666666666666667,1.9407902170679516,0.0011666666666666668,0.001940790217067952,199.83333333333334,0.1901654567524157,0.0,0.06839709235667633,0.11411186778696018
phase_flip_p_0.00,1000,6,3586,False,1.0,phase_flip,0.0,1.0,1.0,0.4968333333333334,0.0,0.0,0.0,0.0,0.0,0.0,0.0,297.6666666666667,12.580408048496148,0.2976666666666667,0.01258040804849614,25.5,0.0,0.0,0.0,0.006404123563327127
phase_flip_p_0.02,1000,6,3639,False,1.0,phase_flip,0.02,1.0,1.0,0.4928333333333334,0.01162902071603966,0.009648738458676915,0.015085081950099175,0.0,0.019801980198019802,0.013809204314298206,0.0031334077051095007,273.0,15.427248620541512,0.27299999999999996,0.015427248620541508,64.66666666666667,0.0,0.027747083288082158,0.005748989127333057,0.0242446479269264
phase_flip_p_0.04,1000,6,3692,False,1.0,phase_flip,0.04,1.0,1.0,0.49533333333333335,0.023363027450046394,0.016239658351156105,0.02470873786407767,0.0,0.04040404040404041,0.01980225191439779,0.006244172929720364,226.16666666666666,47.29658197657276,0.2261666666666667,0.04729658197657275,80.33333333333333,0.0,0.03879602577367621,0.014066800195725539,0.03910496730914947
phase_flip_p_0.06,1000,6,3745,False,1.0,phase_flip,0.06,1.0,1.0,0.49266666666666664,0.036940188237020506,0.01783868495925863,0.03537492253666598,0.02040816326530612,0.06862745098039216,0.031356603647820065,0.011815198669025433,170.5,63.874094905524885,0.17049999999999998,0.0638740949055249,93.5,0.0,0.06108579525664576,0.02470941554851685,0.055717827898068804
phase_flip_p_0.08,1000,6,3798,False,1.0,phase_flip,0.08,1.0,1.0,0.5033333333333334,0.03965793134385622,0.020388516961252764,0.035770071852546076,0.018691588785046728,0.0673076923076923,0.04208186883384921,0.005568273123321623,149.66666666666666,72.02407005068977,0.14966666666666664,0.07202407005068977,128.0,0.0,0.08435649291723303,0.026800484644373943,0.05834723003509175
phase_flip_p_0.10,1000,6,3851,False,1.0,phase_flip,0.1,1.0,1.0,0.5041666666666667,0.05037233269734626,0.02749298286485074,0.04929098679098679,0.009615384615384616,0.09278350515463918,0.05079715516794853,0.00888535413417273,109.0,86.5424751206019,0.109,0.08654247512060191,154.16666666666666,0.0,0.10036204305606522,0.035010380105712356,0.07001940668204043
phase_flip_p_0.12,1000,6,3904,False,1.0,phase_flip,0.12,0.8333333333333334,1.0,0.5008333333333334,0.07325987062992013,0.018837819742103742,0.07425742574257425,0.052083333333333336,0.09090909090909091,0.06712883576541406,0.011137775321542169,13.333333333333334,23.77113095051783,0.013333333333333334,0.023771130950517826,197.5,0.0,0.12955854363672845,0.05498668934141192,0.09685716574048754
phase_flip_p_0.14,1000,6,3957,False,1.0,phase_flip,0.14,0.6666666666666666,1.0,0.4905,0.08480889938180301,0.033040286738400364,0.09447415329768272,0.031914893617021274,0.11458333333333333,0.06689334947194407,0.0025926139582510893,27.5,51.50048543460537,0.0275,0.05150048543460537,130.16666666666666,0.0,0.13708847832233736,0.06498291825458141,0.110175983464708
phase_flip_p_0.16,1000,6,4010,False,1.0,phase_flip,0.16,0.6666666666666666,1.0,0.5028333333333334,0.07296511343811451,0.017238513866102777,0.07460396039603961,0.04950495049504951,0.09803921568627451,0.08586731295063423,0.007494093456890289,2.0,3.4641016151377544,0.002,0.0034641016151377543,236.16666666666666,0.0,0.17316929418713492,0.05480279628777905,0.09654061884271366
phase_flip_p_0.18,1000,6,4063,False,1.0,phase_flip,0.18,0.5,1.0,0.49183333333333334,0.0886627302436126,0.02995432576193831,0.08942364824717766,0.052083333333333336,0.12222222222222222,0.08124491123847945,0.0209493878123495,15.666666666666666,37.398752207348664,0.015666666666666666,0.037398752207348666,128.83333333333334,0.0,0.1699433914629674,0.0679600430500562,0.11394602511733717
phase_flip_p_0.20,1000,6,4116,False,1.0,phase_flip,0.2,0.16666666666666666,1.0,0.5063333333333333,0.09111911421615156,0.03363146143280431,0.0768377253814147,0.06060606060606061,0.1414141414141414,0.10015883773205608,0.009309710406285919,0.16666666666666666,0.408248290463863,0.00016666666666666666,0.00040824829046386303,178.0,0.0,0.20030523808835107,0.07027513420464152,0.11609312416550793
depolarizing_p_0.00,1000,6,4169,False,1.0,depolarizing,0.0,1.0,1.0,0.5085000000000001,0.0,0.0,0.0,0.0,0.0,0.0,0.0,304.6666666666667,9.500877152487904,0.3046666666666667,0.009500877152487913,26.0,0.0,0.0,0.0,0.006258063487719282
depolarizing_p_0.02,1000,6,4222,False,1.0,depolarizing,0.02,1.0,1.0,0.5051666666666667,0.0016339869281045752,0.004002434220233952,0.0,0.0,0.00980392156862745,0.008247999906528612,0.0038601201848401843,302.6666666666667,4.273952113286562,0.3026666666666667,0.004273952113286565,54.666666666666664,0.010386216179888103,0.006077616412930504,0.00029087397193377357,0.00927209647865056
depolarizing_p_0.04,1000,6,4275,False,1.0,depolarizing,0.04,1.0,1.0,0.49383333333333335,0.02074696790110824,0.021085882141308472,0.010154639175257732,0.0,0.05154639175257732,0.016226004294501394,0.003472472938085322,250.5,76.96947446877886,0.2505,0.07696947446877885,57.5,0.01883329325122897,0.013757912251274576,0.01163277140822351,0.035093515271791526
depolarizing_p_0.06,1000,6,4328,False,1.0,depolarizing,0.06,1.0,1.0,0.49899999999999994,0.025192173256977996,0.014138371709991668,0.024705882352941175,0.009615384615384616,0.042105263157894736,0.03147514325333955,0.00659308095735751,209.83333333333334,58.08757755894686,0.20983333333333332,0.058087577558946855,116.5,0.03355329453808836,0.02892678528869062,0.015258894597965793,0.04097096182802108
depolarizing_p_0.08,1000,6,4381,False,1.0,depolarizing,0.08,1.0,1.0,0.5095000000000001,0.03272088515681993,0.018174606267658933,0.0398019801980198,0.009523809523809525,0.049019607843137254,0.043512318666878595,0.005945669851079514,171.66666666666666,77.78088882666916,0.17166666666666666,0.07778088882666916,144.5,0.04399832299741699,0.04285085378425224,0.021288040314471127,0.05001726643043333
depolarizing_p_0.10,1000,6,4434,False,1.0,depolarizing,0.1,1.0,1.0,0.4971666666666666,0.05181530428183432,0.015728586909007865,0.05744914788345244,0.021052631578947368,0.06382978723404255,0.044796439942798826,0.011830957082444547,95.83333333333333,63.72571432841429,0.09583333333333334,0.0637257143284143,139.33333333333334,0.04598620984251959,0.04410318841957978,0.03688222768902633,0.07288254073851846
depolarizing_p_0.12,1000,6,4487,False,1.0,depolarizing,0.12,1.0,1.0,0.5133333333333333,0.06206672658695079,0.025553861056515362,0.06702400586402785,0.019230769230769232,0.09183673469387756,0.06175720168059406,0.008059396446439984,63.5,86.16669890392691,0.0635,0.08616669890392692,175.0,0.06833751722829766,0.05534396594811896,0.04527081327709233,0.08353867128465335
depolarizing_p_0.14,1000,6,4540,False,1.0,depolarizing,0.14,0.8333333333333334,1.0,0.5141666666666667,0.06328265700769822,0.029343306162335683,0.06330188679245283,0.018867924528301886,0.10679611650485436,0.07032021875462006,0.006698516393116,51.166666666666664,76.29263835172216,0.051166666666666666,0.07629263835172216,208.0,0.07735232605993324,0.06373955277611985,0.04650474472102025,0.08510670970967063
depolarizing_p_0.16,1000,6,4593,False,1.0,depolarizing,0.16,0.6666666666666666,1.0,0.5031666666666667,0.05118006186722629,0.021860822000425936,0.05437873884475826,0.01020408163265306,0.06930693069306931,0.0782479097393595,0.014682436815761112,52.666666666666664,81.24941025426995,0.05266666666666667,0.08124941025426995,234.66666666666666,0.07918009329807768,0.077336005132305,0.03645129993335518,0.07204731673770612
depolarizing_p_0.18,1000,6,4646,False,1.0,depolarizing,0.18,0.5,1.0,0.4988333333333333,0.09875333498540055,0.04431127471948206,0.10622599555286032,0.049019607843137254,0.1414141414141414,0.09785172392933457,0.013696407021901613,14.666666666666666,22.33980005878895,0.014666666666666666,0.022339800058788946,129.33333333333334,0.09628606064564808,0.09940432849704915,0.07713161610032099,0.12498032732680484
depolarizing_p_0.20,1000,6,4699,False,1.0,depolarizing,0.2,0.3333333333333333,1.0,0.5055000000000001,0.10905166405852318,0.024122821197265765,0.11161387631975868,0.06862745098039216,0.14285714285714285,0.10488616083645969,0.011635390810810454,0.3333333333333333,0.5163977794943223,0.0003333333333333333,0.0005163977794943222,129.16666666666666,0.10613554964868883,0.10319710422367569,0.08652700573460632,0.1362218035762318
